"PlotID","Chlorophyll","CN","f1","Height","Leaf_lifespan","Leaf_N","Leaf_P","Photosynthetic_rate","Seed_mass","SLA","FRic","FEve","FDiv","RaoQ"
"A1.2.2",0.517477591036415,19.2232184537742,0.206361130896455,0.271671023817297,5.74137432370208,21.0642385435035,1.44066903160966,0.0266278752640966,2.08355687419006,23.0454867895723,0.0856732188934647,0.712881008687329,0.770515867124946,0.00740625702673571
"A1.2.4",0.718950743206614,19.5565062986673,0.167716013133587,0.291077988372887,5.83739503206681,21.6257319387124,1.66568582185503,0.0329443839197429,2.18032727556358,22.7709086718961,0.0441121149393145,0.721709170779477,0.834834900522021,0.00734069653824495
"A1.3.2",2.41218843860692,17.4243819505798,-0.1856019427058,0.281169855716164,9.17411915633834,21.2478545176919,1.56938810858772,0.0504297746033757,1.96554228647017,19.8351174425586,0.0349868835714037,0.608148867623296,0.743938432959251,0.00887684669911013
"A1.3.4",2.01581815805266,20.2402525347291,-0.149126449918519,0.302803456107783,8.23233488816807,20.4958999111881,1.61740885105239,0.0683897543275361,2.58276535033897,20.3157193036946,0.0438023404660874,0.597458708074794,0.737199268378449,0.00995326608236902
"A1.4.1",1.89170870234749,18.5827647273696,0.159658541463048,0.351962939004318,5.30814770291678,21.6690522250775,1.6565907700998,0.0439723132459433,3.28958980295685,22.4915653221486,0.175129082585248,0.630148777452883,0.833912012652677,0.0115624692548819
"A1.4.3",2.75305937063202,21.9419000699967,0.0529629160165966,0.313521215824764,6.28281458910677,21.5401122330038,1.5273853172227,0.171289380147897,2.94784950024567,22.1381782251522,0.0209308133268095,0.653858054212046,0.803918672078635,0.00767863758863418
"A1.5.1",1.34041657779229,20.414456614165,0.324201863410367,0.301848352420443,7.46293696570193,21.3019433222778,1.61653704520125,0.0756255805068509,1.90132677177018,24.3033819703837,0.00946932321116571,0.632410744426622,0.885547894789059,0.00627207479152107
"A1.5.3",2.03408582720766,21.4396556275737,0.150873249387566,0.337123097465852,5.13164005467818,22.6437529615044,1.58971130203995,0.0997053532805183,2.49209469468445,22.482464893432,0.0182238830564274,0.606889092942757,0.758064545820634,0.005131686884518
"A1.6.1",3.86714459524164,20.7077288206532,0.19263210271047,0.401203091996454,5.69307305936073,25.7539949015057,2.06618087412503,0.215981974804453,0.791019006934438,21.683916076449,0.00230190344558084,0.708152454498665,0.835005305683094,0.00579052329907929
"A1.6.3",1.44683204220356,23.0355200828768,0.457518064338699,0.343157071140666,4.74371719604596,21.5905260003264,1.61325926507022,0.089337741344926,2.27427932646298,25.3581316738305,0.00418134065982003,0.630615213442966,0.902255393183211,0.00673414623359962
"A2.1.1",1.10251572327044,21.5822887942611,0.0554094576665407,0.245077835230867,9.38863296779037,16.7828146624279,1.30127069394457,0.0347140464637918,2.03935152403446,22.670274715078,0.0228606807389664,0.63051050005673,0.783493028674007,0.00854079290364973
"A2.1.3",1.22024242424242,24.3510255367794,-0.158966093303623,0.236940067030624,9.4534451434825,17.7514995250989,1.39213056620472,0.034289702771566,2.22777174488813,21.4758346101471,0.0189298495178775,0.590476203569528,0.735249798093236,0.00860777599317286
"A2.2.2",1.87975102087107,20.1696465885991,-0.0420652258921471,0.238767837966382,12.7323359527887,15.297651897642,1.20190056257554,0.0241698547679183,1.97325583013027,21.6537242813697,0.217415397905525,0.670313155161302,0.676143447959663,0.0090089062365679
"A2.2.4",0.831447916666667,21.4278691218113,0.278667466175684,0.284706822102072,6.31091273238748,23.5359476546647,1.62195893287066,0.0184048182132447,2.88960242979087,22.3974908830044,0.0141748327678939,0.652020570231018,0.848733898696782,0.00698735458897569
"A2.5.1",0.951356330605531,23.153851454219,0.119110540354186,0.280411740198912,7.97082554178444,18.885335232059,1.49923535705511,0.0576811990413276,2.22884979005654,22.6491366535078,0.216323222841668,0.741962669852063,0.782294883378759,0.00764454852953461
"A2.5.3",1.44082516546103,23.8229812296706,-0.198933620443426,0.266987139202998,9.09831331754043,17.9292081573103,1.41813579457766,0.0541320815709629,1.97010376579575,19.993398074063,0.0392858593124125,0.685511818891742,0.717828493509797,0.00748357619907184
"A2.6.2",1.16997493734336,24.4713582654616,-0.129704744108371,0.240685519192379,8.32672650314632,18.9676260075982,1.54960824689283,0.0850178033749204,2.08711078234076,21.4039217352414,0.166825197663314,0.737232431772166,0.649370345888717,0.00684746066481447
"A2.6.4",0.643744292237443,23.298369721688,-0.0264269533329404,0.238193554436158,6.52762387296822,20.5332919053292,1.57699822202032,0.0870547457375814,2.23174394613992,21.4139319467937,0.0627875467002228,0.698472697055152,0.662015762947612,0.00740586299383961
"A2.9.1",1.03453688099551,21.518009810754,0.224375013967181,0.268076708664757,8.65987227425217,18.9115448684068,1.42747058810591,0.0290751838788574,2.49685079630337,23.9056113164027,0.0208230775021775,0.699488529179871,0.809722123684318,0.00767247894192559
"A2.9.3",1.81208275862069,21.3272457225721,0.01526657219332,0.26270291663168,8.87068992509616,19.2135119109138,1.40807249931047,0.0606680177478351,2.18051810917052,21.9959365640102,0.00911263399154741,0.53662945871606,0.821633560267585,0.00685629922211036
"A3.2.2",1.6682768584213,24.1662236607243,-0.230827865499609,0.302027812763385,10.1134954156701,17.8342983245308,1.38832631700309,0.0282557131329883,1.90692069336382,21.013982310197,0.0761700949134825,0.610058638453064,0.735430442094781,0.00811309236139058
"A3.2.4",1.0129448497131,23.4690203750747,-0.125387856909306,0.275264721638257,9.35078566769173,19.3256820720292,1.47866380947323,0.0389555231258965,2.35209384394676,21.2052424615032,0.0620079895354139,0.694855253785412,0.706425539849443,0.00858543125401631
"A3.3.1",1.0944134532378,22.7837860565348,-0.389137839833007,0.285235248800389,7.89446843598144,18.5809574906427,1.40726773058545,0.118881915510095,2.08441436688241,19.1627451430244,0.0318782745951853,0.653802370762428,0.728248412298905,0.00687983448908853
"A3.3.3",2.1434930875576,22.5996605418312,-0.241178566163995,0.255836247060004,8.81867890284704,20.4691248970409,1.52078964258855,0.0799822326723446,1.5419786589245,20.5018890600884,0.00810899475693345,0.617241940154641,0.776472867553044,0.00524585688508983
"A3.5.2",1.9154802259887,23.3617575955223,-0.0610947778438119,0.276314911568922,6.68997329928024,20.6724200518165,1.42594277099633,0.0822234712271583,2.44219691919463,21.8579957624644,0.0112935492213333,0.507047251739772,0.626071438086609,0.0059859720507657
"A3.5.4",1.67813541666667,23.5557024804941,0.0295385840355557,0.291231767621413,5.90946637516308,21.1362031934266,1.51275159399077,0.0799479506088508,2.49695446268848,22.2861167244271,0.0149008537913622,0.623641676740094,0.81575112721866,0.00645924437031868
"A3.7.2",2.14312749231184,19.730620331085,0.0440965994009869,0.280219967351362,3.85365543234036,23.7447968388281,2.0242229431415,0.297294350359334,1.34252421991766,20.6239416100842,0.0367272814817943,0.610733983085512,0.595377356320414,0.00528579485774323
"A3.7.4",3.01172991850114,22.8295216037031,0.0808116180595791,0.319125660736141,4.72398914360265,24.0597954286519,1.6755718682562,0.208946382615866,2.36468411135091,21.6231852727825,0.0339727584690571,0.755457538676754,0.721124320506423,0.00476125141750687
"A3.9.2",0.641541474558206,20.6152856035784,0.13823727596987,0.354992337074358,4.41098277797747,20.2973413618497,1.49058954012438,0.103253401338191,1.9370958592092,22.9154365735627,0.00799251053353886,0.620953219607374,0.914719700247153,0.00794834461024087
"A3.9.4",0.950374758066985,18.159437198555,0.13828417662989,0.367373395644009,3.9027852350021,20.8372949427272,1.43727260994866,0.116394675805209,2.00382423807668,22.5195223546782,0.0448792219305717,0.648143098961468,0.780014692400634,0.00881559375259228
"A4.1.1",1.14559542385449,21.3405276073343,0.364850062579503,0.266652164194048,5.78523615382226,19.7911066460152,1.62458086293871,0.0851682882124152,2.16074991565929,24.6444918018409,0.00662353102324776,0.744950675202951,0.900359680636513,0.00632293736817584
"A4.1.3",0.438728908886389,24.7081018456325,0.241090305479878,0.327160402957646,4.34818990091992,19.0160878471406,1.66841558691198,0.0345531740443546,2.18297662070722,24.0794156170476,0.00556628225189134,0.684153919898013,0.944918388657657,0.00634297345202212
"A4.2.1",1.78980849646124,20.2175580152198,0.0976835578319335,0.291563293514758,8.72166748869054,20.1473175147591,1.69954369527852,0.0578040787611361,1.7708347804367,22.2478701983278,0.0163616519687441,0.565203059550475,0.810036517124183,0.00810972436175438
"A4.2.3",0.847328555322626,21.5760310568917,0.240841258015508,0.335196579406087,5.25459972557752,22.4944027423947,1.90398407872054,0.0554832996944231,2.10136165681835,22.9643340018033,0.0144157877296481,0.600323247793816,0.887080237065043,0.00668583061942144
"A4.3.2",1.73497147671061,23.2054677919866,0.0391668513238876,0.3572207107342,5.31107571284841,21.1091017061716,1.93370545714663,0.0997015982876194,1.62582424289023,21.9805766973419,0.00396950573886596,0.550552761068421,0.886608460321031,0.00659800543345601
"A4.3.3",1.30593251607584,24.9365747433958,-0.113614458991471,0.258977940101867,9.35882694995806,18.0443446074395,1.46427585739894,0.0264299086978949,2.02244152860207,22.0486361299341,0.0125494136353179,0.769936732733491,0.812274427231004,0.00812031117950002
"A4.5.1",1.38468061995387,20.8418836090444,0.292746251773318,0.307465114036371,6.51369507205124,20.7714992214572,1.23354660193072,0.0509338326655312,2.11279649321308,24.5220005173587,0.00650144186793801,0.624866749948413,0.833275163754775,0.00746753343000334
"A4.5.3",0.864921558820113,23.3545881038527,0.510417419368278,0.339316870787033,4.85797715222373,20.5264299552782,1.48925269036809,0.0580729406487591,2.86720615984557,26.1510391562176,0.0142459878256048,0.792430913893224,0.927708229275242,0.00574915826974422
"A4.6.1",1.57548909602593,24.7359122418689,0.406389799692533,0.389176318970187,5.2122925932515,20.556824552574,1.69721183696914,0.0652442029372582,2.49413225674407,25.3024966811405,0.00376249447991534,0.73642452319377,0.961217095962684,0.0068688907359229
"A4.6.3",2.888002145755,22.872990650318,0.198990856754466,0.460094089137508,7.15803535188809,23.2047982571694,1.88287500067065,0.0919669196343836,1.6555690049776,23.2136962160878,0.00577756911140253,0.701022409395081,0.964171542802745,0.00880873016055855
"A5.1.2",1.13620035323283,18.1647588367981,0.154865630765413,0.242853056304776,5.3664524439913,20.7352605751779,1.93665068832385,0.094258639251094,1.36761284873542,21.8845784717837,0.0568244168052283,0.737994522818136,0.823399618692866,0.00640839346127957
"A5.1.4",3.18343778259528,20.7823540784226,0.408430805364112,0.307459572767587,3.96335216446958,25.2678873483978,2.37568439027211,0.175204044613733,1.00819198794777,22.6812718152521,0.00748390934591371,0.692835909380937,0.715775037249347,0.00400989674986807
"A5.2.2",2.73703168522923,23.126072792573,-0.0241725068123518,0.321464478302397,5.73578231292517,23.7127799969175,1.92273581839067,0.302654980040506,0.628283590104082,20.5212948851716,0.0225001472146526,0.573614952591063,0.685514623974965,0.00502225148917724
"A5.2.4",2.35053427476907,17.1799346748631,0.133280348810895,0.395154159293481,5.83194374553474,25.4956415458842,1.97208053339548,0.167724089847914,1.20783927423515,21.4562356363928,0.00917922954126015,0.697780772501069,0.832172734455025,0.00764093551162204
"A5.4.1",1.26304100345516,22.6878581188129,-0.164362005082551,0.25389851086626,8.14918635338458,18.8451463171553,1.43472246849723,0.0168528767806311,1.92910865602448,21.3359656828684,0.0160979837667529,0.696298027825416,0.836176634564825,0.00853502775683045
"A5.4.3",0.693026819923372,20.5033526740302,-0.164085073482731,0.265293208351968,5.52894238627588,19.905671928236,1.65215165625262,0.0408111091355349,1.76471903573476,20.609183439849,0.0151566339148471,0.55915979714386,0.795069913862176,0.00812934495175518
"A5.5.2",0.886733372862105,22.3344605805104,0.151119947307383,0.29123109047742,5.20746530422521,19.66949598811,1.81982539086845,0.0482871363660948,1.77674651284322,22.9988222199166,0.0184388610867432,0.638731909894128,0.800765214477805,0.00672128680555169
"A5.5.4",0.850029845846865,17.7916671929361,0.102151738689687,0.237118209260927,4.89392356461931,19.2352632959972,1.48147189354696,0.0526198082154573,1.69280562099848,20.0380621912722,0.0294006577328658,0.647647198878388,0.823701739335535,0.00940565452884156
"A5.8.2",0.352163265306122,22.3880708707786,0.00694610486002245,0.290742466396546,4.58381866510466,18.8978649666911,2.07762591811293,0.111722052554488,1.24183196823414,21.5923584222297,0.00798986482944196,0.602332493613531,0.82928969976595,0.00844633238244007
"A5.8.4",0.888695376158504,23.3070906389346,0.0637325207429447,0.274412923127985,6.97171200260926,19.768618790554,1.65346454769489,0.0370250381626569,1.95448365274268,22.8085259869665,0.0113303090095017,0.698055556318082,0.922458873277047,0.00719632340189879
"A6.4.1",2.79977981949029,22.1625345294093,-0.335813244460191,0.226156554110939,12.2701085061117,19.2147891576449,1.68713147575015,0.0975064385345306,1.08202375265218,19.3626899662073,0.0119362828190293,0.636385465508589,0.767534250807605,0.00524457661783117
"A6.4.3",1.64415105542101,22.6636521588555,0.0662483534036582,0.292786659321104,7.46234321715508,21.5210467355384,1.71911953458084,0.0758382952254256,2.04057274058103,21.8478743078871,0.0161227637813253,0.664819900195418,0.825574768232877,0.00814528529467439
"A6.5.1",0.77310738503251,22.5093302731205,-0.0711117761753446,0.27060870273982,5.10516400505746,20.5202042967177,1.49368556859802,0.0574066008848642,1.54294218382601,21.5965386417673,0.00833330387342839,0.560268675171585,0.776235209258223,0.00633023816359643
"A6.5.3",1.14055134172144,19.9781199650268,0.0702043457575549,0.225258886949968,5.98658134537116,21.9156699428376,1.68795883344103,0.0743662220063787,1.19387387981098,22.3843021900069,0.00778423727659326,0.633484475480969,0.804378788540037,0.0056772531853471
"A6.6.2",0.923664688886165,22.077795213975,-0.152608716768864,0.249234011921119,7.48300120657091,19.1643592347867,1.59367719398234,0.0818517966158731,1.71792718484265,20.8480159361899,0.0136111952551404,0.617787321458088,0.782471321948451,0.00748709576317306
"A6.6.4",1.05068618659497,22.4726841217076,-0.0266306728705648,0.232809739929288,9.64928284214933,19.7571043630839,1.66808200338786,0.0459336689582538,1.66432363668499,21.9817168668318,0.00957022034390655,0.723370961465706,0.749241632549802,0.00665657990711499
"A6.7.1",0.945209807671106,20.8763534942494,-0.21053609204401,0.195409825510194,7.32770932111008,23.4999987792549,2.06409409435681,0.248233052526943,1.46547054593903,18.8387415823074,0.00228057794899727,0.740134936232583,0.507004991597743,0.00178864059146512
"A6.7.3",2.22966092299443,19.1519352649935,0.136183893756469,0.362192641919171,6.65940697069534,26.9581038618755,2.47500298058318,0.305856271105344,1.07914199059154,20.5208693856936,0.00313736617689259,0.542239075412148,0.682941195822628,0.00466247637718102
"A6.8.1",2.68781426921385,22.3630554451125,-0.316112392421004,0.279021921068573,9.98865085012835,21.2462705994137,1.81776121441097,0.105364896322005,0.915541960774964,19.5441840668978,0.00452378013326723,0.589043616627781,0.860668618014885,0.00605086232999328
"A6.8.3",2.17790999283787,23.5932179333662,-0.420119127061881,0.227909562883151,10.2998733146843,20.0401626034586,1.71444761831977,0.0766006638810646,0.944136919344796,19.2323139306899,0.00363622423924167,0.511715563089308,0.884829283177049,0.00379172054041391
"I1.2.2",2.4407755952623,21.9184989237862,0.172825349707705,0.499560157198614,3.50629810828441,22.6002058654787,1.62791836627794,0.134358860556795,4.62975259395336,22.3247505258275,0.0248154632942847,0.508747618895566,0.738129761692919,0.040109795464613
"I1.2.4",2.35679291015882,23.7100311963449,0.218150552484556,0.659676486794978,4.07761467326657,21.3256326749533,1.74574371554522,0.109555077551872,6.21503672106382,22.9506082812257,0.020889203068706,0.660107913585653,0.797235933114209,0.0569275191479493
"I1.3.1",2.14350746432022,23.7400628119347,-0.0902692745789992,0.294871734965689,6.97334680244498,18.8538851851743,1.30658791936938,0.0789525531974744,2.45151230893592,20.7909398483706,0.00181766465902095,0.540720035432134,0.805957458637509,0.00607397342120684
"I1.3.3",0.79030303030303,24.0861061066892,0.151359961382396,0.294364334013968,6.56918173911325,18.9548258688391,1.44768615307691,0.0176952664889633,2.64442869759474,23.6165407608797,0.00368929924948881,0.759647778436026,0.907638761142964,0.00747285651100184
"I1.5.2",1.594765488243,22.2436878653491,0.0710461807856739,0.28245130924383,5.62383551684817,19.4525321672257,1.36012210861716,0.0936782716849903,2.54254843110033,21.7420495538684,0.00667476561248533,0.532672835533263,0.76956994945056,0.00553066700263386
"I1.5.4",1.84243832436234,22.4138895435929,0.0739672893641438,0.331366526959071,4.48428210831682,21.9212158331581,1.68577733325339,0.115250039824436,2.51489684025059,21.4102706277883,0.0201913058301572,0.718370433099889,0.767493083932747,0.00600093060686995
"I1.6.1",3.64558558558559,23.9271218946006,-0.176040605665126,0.33095669344802,5.15196188360572,22.9353234043295,1.44365445918271,0.154844494031108,3.01315182227682,19.5901174106606,0.0013641673402926,0.585910600072479,0.712421089117053,0.00241303642762995
"I1.6.3",4.07841218329882,23.5337348420158,-0.316534184861991,0.303740094059708,6.02975468975469,22.1061806264575,1.39551666635771,0.174521560445635,2.47648128252219,19.0312569870694,0.00099216991468504,0.553660056684828,0.608611571816306,0.0032421259975508
"I1.7.2",1.60496367146055,23.7549787722757,0.105529024088451,0.442595820265274,3.91074549513157,20.2359886669131,1.59957964765703,0.101417435873179,2.95832453151384,22.6720657243289,0.0895371112913413,0.735941692311044,0.774495612932832,0.0127117877524409
"I1.7.4",2.07246909476094,21.7903709301992,-0.357852451793536,0.357982418884007,7.02744101978691,19.4166823135083,1.58519573576905,0.0786635829254707,1.97406514434431,18.2483789451313,0.114500792787484,0.665755111621878,0.711275281576338,0.0109156490907711
"I2.1.1",1.80651111111111,24.0058781668453,0.0691825077428792,0.300861349891233,5.65008429368703,20.4184043483661,1.47085753867605,0.0828483358695975,2.6997616017316,22.4379621587287,0.0162641302358589,0.720982050589899,0.828776271089557,0.00731283600908971
"I2.1.3",1.77446728971963,19.9316092034828,-0.459258814106022,0.242993945322978,8.806461461553,16.511866828278,1.22174456720282,0.0409912463454265,1.56856362241838,18.2651991264167,0.0265155582217076,0.678449125188297,0.698393263387899,0.00778282215766078
"I2.4.2",1.87513904761905,21.6408952152254,-0.00419864018300786,0.279768123546108,6.16602781474234,20.8977373563713,1.54675968445625,0.0725436339348225,2.30871177057039,21.7923804600289,0.0212605230407143,0.656185691658592,0.821322694618567,0.00719362081961212
"I2.4.4",1.86685520223942,20.8679260916814,-0.083645680699769,0.256657057517007,6.90569834021889,21.5660293678028,1.57078399676665,0.0924849977987974,2.21181855367107,20.6121907137917,0.0180880795911798,0.662240359737628,0.74079916799069,0.00753611633131453
"I2.5.2",1.87842854524852,21.856444451903,0.030242759684749,0.303900386286928,5.5971166633798,23.4723570853006,1.68975798697699,0.0909540962260746,2.45200218905495,21.2344628053506,0.0205073320137977,0.723170865620856,0.830284453202061,0.0058641542474778
"I2.5.4",1.39662844972069,21.4086354079275,0.192519168398987,0.309511583676509,5.59600899703381,21.9335379641473,1.63290408456891,0.0804871824564585,2.52913380710748,22.8715092588939,0.0163022324819442,0.717336886983766,0.874956504919059,0.00614662542389577
"I2.6.2",0.346444128866706,20.9122373079937,0.260916856992445,0.271723913250215,5.55210548266016,19.3334240329643,1.44086677877284,0.0597643422362139,2.68191175172421,23.9181198143871,0.0322333363042231,0.786286632191802,0.836054423293507,0.00722304415323078
"I2.6.4",0.797662581395468,21.8290030382199,-0.230694663069007,0.224424297848904,8.44486026710612,20.8722975069523,1.79046321027836,0.199016184532359,1.05605768233622,18.9551982934865,0.0132346721356707,0.723266526086864,0.847730480041357,0.00831064434677868
"I2.9.1",2.09155527012956,22.6820343607917,0.0601429733906453,0.353879627316004,5.00433726622714,22.6526058398953,1.73428552608036,0.107705818800719,2.63634118571327,21.7691163661362,0.0223763434922831,0.792733607449649,0.727341522608979,0.00544976188085195
"I2.9.3",0.72465541624628,20.9384858343199,0.29014608486248,0.351297047097855,4.45058405554002,21.5957002280407,1.66066109378602,0.0556577752089263,2.46598362478307,22.9293646767784,0.00949968559138588,0.730434100871433,0.8960626844986,0.0063063120838508
"I3.1.1",1.5784953727282,22.5198456561124,0.533391577247622,0.302054163338752,4.19111441970346,21.9205666373684,1.94887954375177,0.168183277107161,2.11287908550227,25.4370083623337,0.00973517949927684,0.647751392993914,0.933715692474318,0.00415013935050602
"I3.1.3",0.777740276965055,24.4497310001914,0.519182243288142,0.328097392913989,5.43855471925335,20.4599156841146,1.69470461377002,0.0574592201952577,2.54310952373628,26.3051599544143,0.0113490923011051,0.747867514609365,0.951072146051434,0.00619101327844266
"I3.4.2",3.0718870490008,19.4132632323671,0.199004227576099,0.355387019434756,5.07851895043732,25.6239499012339,2.63957007352151,0.355290807463696,0.935696377479298,21.021986277149,0.00322078792537275,0.526065723710025,0.795192575201994,0.00496528265173584
"I3.4.4",2.58158039230106,19.372408025346,0.165477871358203,0.393814834655554,5.92425026068822,26.2224075736397,2.67185725158007,0.347424562748857,0.990800920051385,20.8541837276188,0.00476523457148191,0.714695495285722,0.675473568111133,0.00518831670022943
"I3.5.1",0.276929682456306,22.5277369119542,0.0956233902170418,0.229452183349217,5.38837426286135,20.1890719853532,2.10239106535085,0.229391542047759,1.13065542211976,21.6036223153364,0.00744310561974463,0.599123148662731,0.885323530905964,0.00571680123692199
"I3.5.3",2.57580340090114,23.392252502129,0.000279246195138565,0.312944469171376,4.44311596534189,23.2285959498061,1.79319618167761,0.18117145612034,2.15537391911938,21.2115029484796,0.00952049741302602,0.55130316161019,0.77934730531172,0.00597809714860341
"I3.6.2",1.16335444257071,23.4108381653051,0.258142660677466,0.29396022366002,5.54877058730909,19.8149431777439,2.20571366361742,0.0744053306705914,1.12011617124399,23.6452502116972,0.0050468872290939,0.558675285064451,0.937322694120784,0.00610837262444328
"I3.6.4",0.973222415513433,22.804347975758,0.234692188837879,0.278720760818262,6.04164497473494,20.1769747793592,2.08908484582619,0.0871442619116491,1.02881014340377,23.6662759475867,0.00895527457740452,0.560313723053174,0.9193069976747,0.00653254534274666
"I3.7.2",1.22788114565012,22.966721569274,0.475873786052153,0.289006311074426,4.25567956319007,21.7987563792604,2.15314147842272,0.143347859553287,1.95336387850869,24.9361261217714,0.00560053273352499,0.612278817511818,0.91199917961238,0.00605521289051028
"I3.7.4",1.5333953013438,19.3893028576463,0.381914297374548,0.269643965750983,6.04681682353307,21.9917361028791,1.97244547790058,0.0647540556447236,0.674182888522073,24.5622073646044,0.00461247831505415,0.580128932572994,0.910210524936415,0.00635803701131334
"I4.1.2",2.88195128852116,18.5873418533521,0.277657933474976,0.356711279125436,5.05251158535879,26.6227895717002,2.84324675699343,0.382601601426341,1.04562919855826,21.5692310778714,0.00107892790875447,0.443630217174881,0.775598295983201,0.00480223517214811
"I4.1.4",2.13370862083977,20.7441562825302,-0.0789086987336667,0.296873518526646,6.57546732075338,23.6854828386168,2.42788794632933,0.347121602710624,1.01104515949775,19.8482891982438,1.79193724547627e-05,0.823316083631987,0.58222906478493,0.00375954717151368
"I4.5.1",2.61237629685004,18.742855966476,0.194897569034514,0.390646619015059,5.37393066815767,26.5167312328277,2.77559923789106,0.378373226194522,1.0668242211959,20.9678464605342,0.0006226319719169,0.365501537429312,0.728739070808874,0.0047151152645337
"I4.5.3",2.57589661017035,18.4667370025374,0.32304332694858,0.309802949744096,4.15619956362328,25.8844937441214,2.87184568412136,0.384747424735656,1.10113070954268,21.9419598646095,0.002593327564669,0.550308340423881,0.76778877879166,0.00442654766724881
"I4.7.2",1.53705275360762,18.7151304169114,0.349131151487389,0.35570053498544,6.56369375407697,23.5237570127177,2.08438592772709,0.160603215978634,0.858303555419692,23.8190449614236,0.0127052708813262,0.535920790636712,0.826301568387856,0.00635365135523116
"I4.7.4",0.873190023531586,18.7095987759244,0.584753673042129,0.29850914521582,3.78012244527676,22.1301016215012,1.98411184689432,0.0826909032897139,0.606480321272422,25.9682757297735,0.00547888975527202,0.624281475423814,0.796220908095774,0.00426051871630328
"I4.8.1",1.56581241516112,21.7273076896701,0.0470085628575847,0.287214017548863,9.5901457172964,21.0393875755469,1.87591535365741,0.0525056747179226,1.26900539366485,22.3444922171793,0.0172496805336063,0.638430021929744,0.927193658966912,0.00741033233031331
"I4.8.3",4.42319767194831,14.282518582003,-0.070368098676973,0.332574777610323,5.44281988461636,24.0740067738577,2.16265825175213,0.242385935432907,0.914417193291068,19.8942623478782,0.00107437009112161,0.567074199317674,0.778309053770747,0.00389319825328107
"I4.9.2",3.63995621040583,23.7825765565679,-0.199830300476325,0.302147145559166,7.5726129977105,22.512064721627,1.46529594439765,0.132389574045695,2.43221876159261,20.1327592652,0.00493374658685377,0.736763844648267,0.881006477172102,0.00512779413992015
"I4.9.4",3.34997142857143,25.0519983410452,-0.452488869210749,0.27719926828192,8.13660920697046,21.4411687724411,1.56017791202717,0.113521195815444,2.06322834132211,18.4616846504216,0.0050807791523511,0.584769686301853,0.79132475405538,0.00431681780834318
"I5.2.1",2.49188997177271,22.017486998818,-0.090293506350685,0.278550325511835,7.49579314995199,20.9496248620337,1.53158516011132,0.0990517900763861,2.25021860288073,20.5169740247249,0.0358223076927344,0.799288307758329,0.826747995607087,0.00629351812798797
"I5.2.3",3.01490614886731,17.3162114403488,-0.138870401600528,0.25211673638826,5.33210691644659,21.8816061320766,1.54467584952369,0.117259246853498,1.80586536468945,18.2430079407699,0.0650957003633444,0.664120996446929,0.628135980380452,0.00342169635681156
"I5.5.1",1.4649201781432,23.2512467993213,0.27717906656707,0.332600648385403,4.40939818008607,21.7819612967707,1.60928335458036,0.0684053245462427,2.83023713950372,23.9083397817841,0.0038964594019716,0.730713452688155,0.939730601916186,0.00467900500579713
"I5.5.3",2.03417302798982,23.1794952315778,0.0792572244176436,0.329880647953972,4.95133196894778,22.8616982111234,1.71337266329594,0.104073270901996,2.93151639302375,21.8728010588385,0.0039508846492395,0.713293418500128,0.947404532657518,0.00456946860562167
"I5.6.1",2.6474987996689,20.4923168325398,0.14158492632065,0.30358968561642,3.40440257349073,24.9949130596587,2.42391909389845,0.256549914060104,1.84118873320958,21.0446220597217,0.00577187102529539,0.604377855465141,0.771900495800785,0.00439226584968638
"I5.6.3",1.68049653549302,18.8907197712086,0.2151629650074,0.273982162316236,3.87120851724351,25.8706782349619,2.54422328415532,0.322909361423037,1.58983194914139,21.053960239311,0.00783212739182869,0.636597275821364,0.637701875726796,0.00412223129471546
"I5.7.1",1.36327367787502,18.9099956852063,0.213399615762417,0.300417950352234,3.71423256195859,25.0537546691785,2.80924208656271,0.400750429171897,1.22095970486712,20.9530386365763,0.00047559836740973,0.606985332953758,0.658940521390803,0.00347508574630575
"I5.7.3",2.21004247002121,19.4128888559181,0.21778061110624,0.348582624889806,4.79597272134258,25.5822759902872,2.72722818326178,0.365213870489679,1.03967795248624,21.1469782501178,0.000390893275325497,0.687849179774457,0.780641953633833,0.00475707930537738
"I5.8.1",2.42021412590062,19.2350726345284,0.233829836534417,0.328864855541231,4.7701554771407,25.7153975099592,2.7628178745793,0.350629874157987,1.07461895701526,21.3544322272707,0.00163550704159543,0.621225529713863,0.705238725483261,0.00468508634584876
"I5.8.3",2.71349179904508,19.5009393542596,0.225382616822641,0.389739457963487,5.46673916324521,25.9562974636242,2.68180076882859,0.304800534813187,1.15133296522937,21.5804997682545,0.00225981096492426,0.568723369236108,0.816288263882888,0.00589401773350721
"I6.2.2",2.72716183108182,20.3495004885075,-0.603494102350875,0.30662711192449,9.32475745715472,17.8352158081533,1.39999282551156,0.0784400738257786,1.01900573743547,15.9034221298161,0.0142316666982407,0.721135496942178,0.772072543913413,0.00407162510889451
"I6.2.4",2.28410865967669,22.2874675185145,-0.367691526739757,0.451521993315925,9.15165923615301,17.1958287502505,1.45081588508717,0.0607478295648273,3.64305043653581,18.975908616061,0.283912315198176,0.722938345296343,0.667662690383362,0.0488100293850556
"I6.4.2",1.36097723662962,20.2983373218561,-0.0944619190554287,0.351882005081093,6.77683105022831,18.8169230325701,1.52460217145926,0.0518982510015968,2.6597941521553,20.8097761033615,0.126605019477662,0.722784889807671,0.813442051989893,0.0198301393826801
"I6.4.4",1.39792640692641,20.4024393852198,-0.211410448500416,0.278078762497246,7.69968878609974,18.5157725127671,1.27449911979781,0.0354464973544491,2.01450835289795,19.7789642098418,0.0202649665410296,0.667133534706163,0.784838835969201,0.00864154120587242
"I6.5.2",0.880958176458848,17.9704157622655,-0.0257368581481151,0.234513460842518,8.78853937651502,23.1456079844948,1.86495175124791,0.0735282904429613,2.39933597882775,20.0514922054207,0.0331650931949244,0.657371317592599,0.789830682482021,0.00802870343422297
"I6.5.4",1.27057821831861,20.6406179777634,0.15188769815682,0.293998535121472,5.27115731142586,22.887940123919,1.59675947468838,0.0902657135057263,2.62752694333828,21.4955293256753,0.00850167462750098,0.703605826932753,0.843372218546059,0.00574493337772987
"I6.7.2",0.638829371574176,21.0356261251413,0.15564973213849,0.28813543674365,5.4709100879551,19.6455311437098,1.4918223112408,0.0313676019198022,2.84524641702407,22.3582782903147,0.0218848280259892,0.703065065973623,0.871898626161394,0.00789101811818828
"I6.7.4",0.249082774049217,20.3991290659781,-0.238870974287112,0.892049806723451,0.958221936195642,17.3041659877282,1.88832793865248,0.0327866395467664,1.22793978087598,19.6566374282099,0.0184445473715826,0.715835035017099,0.956614390684241,0.00767245593996659
"I6.9.2",0.27748756402691,21.2322378490561,-0.107872149553564,0.285013288592048,4.92393951130681,20.2714616445266,1.69081161617198,0.0869503327279623,1.64075558467046,19.4910226482749,0.0117303690485442,0.732181342559829,0.920741460759954,0.0108163479263956
"I6.9.4",1.63937703714189,19.4928401570981,-0.166586751771104,0.235143766338982,6.31669822054339,21.4245855710819,1.68053213273395,0.12119165551924,2.08277404092836,19.0751222482451,0.0628662301336181,0.683256313987238,0.588815117548509,0.0053822755579903
"I7.1.1",1.68646405228758,17.5357961170889,-0.380542014877497,0.265692128552641,7.5555027947252,16.21091674557,1.20302134437943,0.052791466597473,1.39254739217285,16.7710467146808,0.130556822618727,0.631949698744622,0.671815776819665,0.0104965106069429
"I7.1.3",0.700968992248062,21.7425743065878,-0.133500353463459,0.380398193773223,7.71095238095238,19.265484523251,1.71763403060751,0.0352679895212829,1.87832956287519,20.5383833748679,0.345952438898733,0.733983222076349,0.780409898904256,0.0158857227630723
"I7.2.2",0.505193543386612,22.6947963234905,0.162539698805141,0.289123205490704,6.59396137435437,20.6926001078869,1.66808990648203,0.0849409418159446,2.35716338957082,22.8790218700426,0.0175398815582939,0.816807913875641,0.835526503458247,0.00897412017504225
"I7.2.4",1.04985480867817,20.4471912457652,-0.543933797982203,0.186342852837419,11.8388500193386,20.1834346435535,1.77402257696703,0.0372711373761676,1.25231130498861,15.732580185922,0.195167606913234,0.665212204299503,0.803119704984046,0.00760795350877742
"I7.3.1",1.00180685358255,20.4353076242633,-0.208629641512606,0.243865630695745,8.59349062067536,16.3633361941422,1.24021675217927,0.0271789173886327,1.78828166919991,19.7734809301934,0.0290402388410638,0.702525809311094,0.798911271260532,0.00857830252131371
"I7.3.3",0.949563492063492,21.4356883394637,0.0615073742018579,0.264485374493184,7.67409390240114,16.2912368012461,1.23639800527658,0.0122719828646625,2.19650163747317,22.1029710832128,0.0230312763176406,0.670159566717156,0.852378675205922,0.0100620021297501
"I7.5.1",3.97795505617978,23.4386208755991,-0.551773980212932,0.275365687120551,8.39967640742614,21.1747570830805,1.54756287719559,0.148316652278814,1.94277881556095,17.9343742531323,0.000210569643969589,0.661158473694003,0.740178951985763,0.00300211291888546
"I7.5.3",4.5948115942029,20.47090899773,-0.484805174090683,0.261199698682824,7.47692532403074,21.2352673423212,1.51422306583709,0.181834695018622,1.65207509881423,17.8950458222973,0.000355804833797633,0.516931375164837,0.736456504150593,0.00461972011816702
"I7.7.2",2.83128665560106,21.0152336527988,-0.101332554972124,0.322143466208017,4.45092115307213,21.3772895714937,1.53106998205693,0.157907961753113,2.51630652804562,20.1058086292828,0.00329480031004551,0.68435765143486,0.797065029567468,0.00563969424068824
"I7.7.4",0.755919639795802,19.8668703627117,0.259226865405386,0.307748141134133,3.35691848045294,18.0253334358506,1.34548961204277,0.0770288807878636,2.29339089515259,21.2125099963573,0.0098773956457985,0.625348820258769,0.874821802507834,0.00495194070090168
"N1.1.2",2.3330986878036,18.8694520850784,0.302749119731603,0.299531326821982,6.97396188097922,20.6982635654302,1.53164846149937,0.0754529873969391,2.28987830655455,23.6249691219678,0.0195730460640889,0.69978589462672,0.835998424193261,0.0095011197767859
"N1.1.4",0.560518082198169,19.5907568881324,0.292390329053348,0.278319842420499,3.15084742158868,21.216062136814,1.7956624455511,0.10230592131138,1.74788344050549,23.7588447700613,0.00240533206672119,0.568109912505427,0.927602701427853,0.00725859310023429
"N1.2.2",0.871325875535329,22.3836196800277,0.348669884674482,0.285315569546743,5.17431897617494,21.0619323366069,1.6371191692244,0.111074182378752,2.03858854330873,24.3588586446513,0.032572306594463,0.708985349980095,0.799957292740262,0.00744263895437287
"N1.2.4",1.75917975163453,19.1885757370547,0.259986727414396,0.343289381635397,5.18377676306443,23.5039652151401,1.89096680747826,0.129780732121487,0.834876096743786,22.7853489242524,0.00859212755785833,0.798793970207139,0.768478921245162,0.00650891789891734
"N1.4.2",2.0927337449881,15.3827385644362,0.216427021047953,0.247856675443187,3.08162961608954,23.6862700029406,2.07648954864834,0.108298803118789,0.690258935980238,22.1763010065935,0.0221313075986159,0.622166946305128,0.749801178796793,0.009191264554865
"N1.4.4",2.10762622719016,14.8786187995722,0.0125306657333537,0.250878275619751,2.248409116891,23.8585951864629,1.99628711602275,0.110669670590887,0.688014115694377,19.7254799697902,0.0204815143904343,0.634853416294881,0.689435856739058,0.00542090326999823
"N1.5.2",1.35451236447661,22.8563405239496,-0.298309492668614,0.217572262363204,9.33929498131064,20.2161775424007,1.73581751253331,0.140521635068892,0.974885025460139,19.4840506955508,0.0100578921737324,0.654551360491422,0.740751405322073,0.00358295056220592
"N1.5.4",1.09643386853637,10.3058115630317,-0.71505101367937,0.175809661978391,6.43516163776756,19.0872465622355,1.48541260920452,0.0494645131144552,2.37462943955762,15.9361889821019,0.0407049537021148,0.699223238396277,0.890992932308788,0.0090970306192017
"N1.9.2",2.10091667072689,17.9887324032598,0.251741996359108,0.284406553155149,3.10344577487368,22.5438070131027,1.73961142277665,0.0614769428546502,1.56361254605756,23.2309414768877,0.0378433743738449,0.676073502397267,0.679574489686771,0.00720958083632248
"N1.9.4",1.12599190776571,18.6884088539792,0.443684756617128,0.284587024240196,5.00926263426002,22.8173400622313,1.89580553059734,0.0691123375418947,1.66702737913925,24.4942375490145,0.0395954301152515,0.707369878902221,0.865067101853875,0.0068936115109638
"N2.2.2",1.67285699658984,19.3651751179875,0.109362285061821,0.317708716937033,4.89236817231785,22.4665440319909,1.80769099343266,0.131569389514485,1.46376258494524,22.0491786341849,0.0328744956477013,0.636851236458334,0.853275053344288,0.00976569138168554
"N2.2.4",1.17418063409681,21.7398116241183,0.446263126019344,0.335956020011962,4.43034607065609,22.0830289147015,1.72982305979257,0.0956954861216163,2.66884710069353,24.8164797617979,0.0336564920587953,0.746679631699434,0.761274171746314,0.0123242367374165
"N2.5.2",1.29370301130015,19.6210478232039,-0.142461860404752,0.251432549801312,8.11640609434811,21.1400106093518,1.87777792105255,0.167429147767533,0.660365498690915,20.2864606992523,0.00902034450273746,0.540514158959851,0.785362129881876,0.00344065406945744
"N2.5.4",0.417284101512213,18.9004035052219,-0.0536509857513493,0.285719701524418,6.42258880389017,21.7600081843009,1.84334008634963,0.111313328119337,0.649478832275115,20.4874169611692,0.0167480159739929,0.618542194186673,0.850064844429557,0.00454520273288025
"N2.6.1",2.19315869354716,20.9563892295496,0.0260804239856774,0.261785437998985,7.43219276780396,22.3739973836925,2.32730654653869,0.248224614839497,0.822068394798636,20.8593377983086,0.00528922602527417,0.584363384134605,0.741267728928322,0.00368311378408163
"N2.6.3",1.4990490522218,19.841688525771,-0.0873601985310835,0.278197038730449,5.79643552946293,21.723077571207,2.05653265318225,0.185321364259884,0.71753682620867,20.0372021821878,0.00260971885397852,0.694418842584039,0.880121067133724,0.00475141829235025
"N2.7.1",1.78888423999021,20.2228426572172,0.185358277540547,0.376797421649009,3.36426384427251,23.515490648839,2.00238726363414,0.129161665413592,0.899276434180782,21.8438914879743,0.0145640722046271,0.652643209193809,0.841451834293772,0.00971003703256573
"N2.7.3",2.93292095149646,25.3721241248014,-0.42443103697009,0.338220361551978,5.56471955419374,19.9892900085057,1.78996787665731,0.173529834995601,0.847237565654548,18.0447257918779,0.0067429753160295,0.633069046799831,0.813851908989666,0.00515540754414696
"N2.9.1",1.05116110099216,22.0476299619696,-0.101529049529639,0.24736210094634,4.70493743344442,21.8939595015442,2.07214934464249,0.250880393381356,1.17425392254652,19.7667789232646,0.0467738324360504,0.674655603658961,0.675264427387477,0.00683082391528189
"N2.9.3",1.11731303675887,16.1983927942049,0.17832218029166,0.258883683828948,2.89418106988154,23.7691526162905,2.18801548854815,0.198867460226139,0.885357373245664,21.5496343264812,0.0164520507294189,0.665390404865593,0.770768771735442,0.00843147435148376
"N3.1.1",1.8737083579486,20.1349463872057,0.257697827887841,0.29878119842819,5.99077484397971,24.7669131690791,2.41268036222117,0.270825993392365,1.12694376830648,22.2441571576884,0.0172460283434553,0.664710214481999,0.818031719453421,0.00657468482871933
"N3.1.3",1.47918588817236,19.4453141115118,0.185987518230024,0.280388904057052,11.4986812209317,20.3465554311164,1.93557082148888,0.0949084999294552,1.37181286667711,22.648269667699,0.0358678587955543,0.600255792340273,0.843893062266327,0.00747448397194123
"N3.2.2",0.883719694317721,19.3112133184935,0.322292433591565,0.275723929198976,6.70102964293735,19.5802619193058,1.58281689155978,0.0706605354250848,2.00739333502804,23.9228828457765,0.0151729346163838,0.638222464831268,0.841761273075252,0.00754912141570126
"N3.2.4",0.921590722035017,19.3870437040247,0.405530015622473,0.279388046332573,5.39182944908972,20.8603245005438,1.63769703473744,0.0465787971712156,2.14835280241084,24.6089600752343,0.00262944715194093,0.738522850669857,0.94293093328156,0.0070618265119714
"N3.3.2",1.78535519540026,15.0092140399465,0.313116113587732,0.3397338683032,3.43701076320939,23.5623192143849,1.75831238818271,0.138082187843627,2.3483328101995,22.4959680305758,0.00703543429583668,0.69141937724007,0.889344584420496,0.0119891657600342
"N3.3.4",1.63144700568913,17.0873903227758,0.321405760960573,0.330759931081822,3.99591463982853,21.1403512761397,1.70446623087039,0.135132637200632,2.00248207660298,21.7950671975607,0.00670909025955821,0.625915457438342,0.826654746072035,0.0100033045737905
"N3.5.2",0.978499080176179,18.6025440207247,-0.597334266120246,0.247811255654125,10.1312439489134,18.7973134358636,1.77124303910164,0.113925204487826,0.25990707239201,15.8979826810361,0.0505841697017661,0.759434110277851,0.807545079095956,0.00686320428997949
"N3.5.4",3.34513227513228,14.7187567458447,-0.3947771544457,0.168060452444201,11.9466402634113,14.5936975432835,1.14927055315868,0.127980446891161,0.477644734661541,15.8726897494334,0.00175868080497199,0.759673681171967,0.717042639221841,0.00330759669841951
"N3.8.1",1.14392039260931,21.3517368732946,0.302534340797826,0.295948583560708,4.41896490541422,21.7127472298106,1.72778651992186,0.157399103760886,1.74278790005301,23.4939524893933,0.0155028057127121,0.726961450545261,0.850251955017298,0.00752750481458259
"N3.8.3",1.97495459111092,23.5747027175857,0.307951204611404,0.30603098458693,4.41440662024606,21.1283519069952,1.84560685249917,0.154993774028071,1.48640134376763,23.3111366167454,0.0220122534152729,0.6935685321719,0.755178573698869,0.00693790181766026
"N4.1.1",2.79349105688476,24.7662952565294,-0.353645179443139,0.272381733275246,8.52808008279015,20.4588722319607,1.5185564329016,0.10667350291369,2.21773969198564,19.1548445047985,0.0692004506601555,0.63281126327951,0.719891301179694,0.00657479233564401
"N4.1.3",0.523486157118562,20.3440754743948,0.0137065549210262,0.303272216382258,6.64171307583261,20.0812043998777,1.53200337369643,0.025591420751704,1.98796527551808,21.6617296909243,0.0296201846963124,0.700582534569096,0.841199543662714,0.00976471428547045
"N4.2.2",2.13923047619048,21.2849677257453,-0.191763149251929,0.253548042724499,5.68024213959556,21.8996387162203,1.59791504195816,0.106529758212058,2.1697438778938,19.5453378230828,0.0405729354903394,0.647771562586874,0.67350152269856,0.00578756726039667
"N4.2.4",1.32205952380952,16.0945200047824,-0.126750726025916,0.204951807712864,5.91879231898239,21.5141955637014,1.57286557391089,0.0492154318031226,1.90644312318952,19.4589085819979,0.0709149819602442,0.6331134907041,0.649680161334419,0.00887575341798952
"N4.4.1",1.08489412873899,21.3065841742491,-0.289193267710277,0.300637035617875,8.49021864380455,20.0649762062468,1.72232507277404,0.106762842406107,0.674459277005448,19.0941391477029,0.0132529533717548,0.653020075491047,0.861072150491122,0.00411594093475814
"N4.4.3",1.49895808107738,19.3712495794743,0.0509515661579803,0.335978586867533,5.48181996086106,22.1107171913094,1.92254609183463,0.146401103489323,0.700837013147572,21.1790272630257,0.0250757301338962,0.683568344746176,0.844095014940836,0.00645057276274055
"N4.5.1",1.40952405214245,13.1750668138899,-0.115454687453074,0.242298474015644,7.04636260965233,22.3075151960901,1.88811665717603,0.0598728359295452,0.485384716231439,19.5910704630897,0.0131715842646514,0.79047822864816,0.790291513322995,0.00471286144074901
"N4.5.3",0.992139654650348,16.5328490718001,-0.365783707558451,0.254684122928219,11.2137389035424,16.0306912024228,1.26376595357186,0.0364045227435648,0.620387689959006,18.2417962371527,0.0216223020118494,0.667029760493026,0.774099313825295,0.00569640262224802
"N4.6.1",1.01165794349021,20.4260030268103,-0.27469269069122,0.258166013965892,6.44204669207265,19.866501389797,1.74929564897441,0.0383931387875169,1.22553704752371,19.5028640278422,0.0228309805992458,0.662110451182943,0.763553104308732,0.00902451121368644
"N4.6.3",1.19213572586198,21.3834146082634,0.0194914233003308,0.300176621276652,5.90972649126622,18.2681333181804,1.83091205788836,0.0370857546234032,1.21949179702239,21.0161000217436,0.131636006095504,0.69198297293989,0.739803903528825,0.00707821337664505
"N5.3.2",1.03843427320067,19.9291042484456,0.193764807287858,0.265248014214944,9.39976074568852,17.8234915483916,1.49479320771074,0.0345481593025959,1.76036556244121,22.8326868213318,0.0412889567995074,0.764513306712754,0.774140968073813,0.00806958110103025
"N5.3.4",1.22785534938957,15.6891288728485,-0.0782449192543692,0.231499671456481,5.98003527123057,19.4262463398047,1.53653344894737,0.0656564275462869,1.19540875994677,18.9674028980055,0.110784162724239,0.663310314063462,0.699590932170766,0.00638719997126716
"N5.4.2",2.49596427109071,19.4789068915516,-0.264862783221734,0.273553151006752,10.418220289984,19.2039667892393,1.69316465452249,0.0982754858610929,0.796007237199271,19.7832275687232,0.0165527307227809,0.701538863300512,0.780926252797101,0.00756261125440531
"N5.4.4",1.08582640880992,18.8110305764185,-0.224415283685777,0.238821986106688,8.4532878816573,19.7773952496693,1.70011017471644,0.108817615052911,1.09525012917504,19.7541012598845,0.0133494836979085,0.626182435101793,0.701248487207578,0.00683849605391505
"N5.5.2",2.31474846624063,15.7600955245519,-0.367276319104504,0.271388406732808,11.7459155862688,17.2113996971305,1.25177027163581,0.0773308692308796,0.985826766175068,19.2354692792921,0.00622722751292634,0.705865127490362,0.871120621000252,0.00672339240367692
"N5.5.4",1.52007880048813,19.9331114519298,0.189438997199403,0.259730662395375,7.0330059950921,19.5376154840221,1.51521242272393,0.086760935725882,1.69745225211782,23.3639317419265,0.014091627435552,0.7714721715789,0.831292967648032,0.00772092590566211
"N5.6.2",3.17679868059707,18.8899074054798,0.113090020515734,0.398938585698995,7.41551476127349,24.687708677888,2.19183328190458,0.151779876926367,0.763558530302006,21.4104629777074,0.0375163286736427,0.714571522239266,0.787345951333122,0.0079930047646876
"N5.6.4",3.58329821870666,18.5172535316238,0.124506520864206,0.289747011950716,5.8510074808122,25.590914096591,2.19124703374185,0.209503628665969,0.898252548090936,21.3594889031142,0.0399465219928863,0.692469757057298,0.699701107123542,0.00614239824461641
"N5.9.1",2.12301443323993,19.5416768911806,-0.046824203404376,0.277503464125943,6.4914270735184,22.4445176621403,1.99680428131375,0.163675184020591,0.856787672837679,20.7465960593493,0.0272759175080917,0.647283837012962,0.733222722363098,0.00534842589172456
"N5.9.3",1.81934565744045,17.4459140671321,0.111678568707612,0.255831022671283,5.00328120961489,23.1867204835566,2.15225596234545,0.236307460894784,0.744388603659603,21.4197523166753,0.00295714774556553,0.564142513240045,0.852704142972449,0.00472115023123776
"O3.3.2",0.734356751203752,24.9230659451804,-0.501160933555726,0.183728467343528,3.96642544646059,19.2043792166378,1.50020470293327,0.0269370886237335,1.1997776135137,16.9493157802502,0.03213154114529,0.701924203284691,0.811445530303625,0.00569656890989421
"O3.3.4",0.612945736070088,13.0875537013043,-0.678527574982517,0.156550658867178,5.81592268114721,19.3920096345669,1.45337893995737,0.0277887271559773,2.12791303299267,15.769614285124,0.0474512740099125,0.658183143375347,0.710330320084088,0.00552108937166316
"O3.5.2",1.11347855817387,19.228552327172,-0.318113447816012,0.195445731444088,1.76804368411085,20.4915713948832,1.70454232224667,0.0299810688965697,1.0130465606553,17.5900807322159,0.180508705175996,0.667492880633709,0.611338022306942,0.00898970865281402
"O3.5.4",1.32202406429898,18.6574395215859,-0.24080333792402,0.182780270394748,2.04024578452009,17.6715459515596,1.3513387681529,0.0313821434985847,0.911001956832314,15.9278326607431,0.0425792285631417,0.569079018356815,0.807617982134746,0.00710428223942457
"O3.6.2",0.241666782291635,20.4443938456725,-0.108696192284231,0.21653591462136,3.65427073142417,19.3775027967481,1.54008260732805,0.0233200876637552,1.61033184134928,19.1469431319735,0.0416355158523246,0.54247680383104,0.797608625771608,0.00871150930405544
"O3.6.4",0.231872092579973,22.3649351450812,0.0221939569154615,0.228928844189263,3.24978163205185,20.4122867591519,1.52619891753865,0.0271419375892177,1.70168307935344,21.6875236253776,0.0116747734882587,0.558174843302028,0.849141412415008,0.00841974769732501
"O3.8.1",0.291244260320112,23.6028648700342,0.058484982640377,0.240715437063928,5.7339392342817,19.1878992650049,1.49568783388134,0.0276646389494381,2.35890998168258,22.5025955466075,0.00236806426528332,0.597441433216866,0.86655516171054,0.00895976968390194
"O3.8.3",0.754650466751603,24.1899678887611,-0.592963344041445,0.168581733684201,2.86421613394216,18.5035358350804,1.43835303129167,0.0194472150629266,1.41614007735491,17.1114271634964,0.00654440874411708,0.624730211748682,0.827021722663036,0.00704728811959622
"O3.9.2",0.131016433483029,20.9687234489716,-0.316317092943436,0.211672448259707,5.97242895612765,17.7217068794382,1.29424292709555,0.00967006745429022,2.53508665264816,18.817799490032,0.0284362929053354,0.653161721580348,0.708237333590406,0.0090134898073143
"O3.9.4",0.157163782506,18.9119080802763,0.123085745229652,0.244836507556788,3.78285531637312,20.098498850136,1.51088239858305,0.0156190620617868,1.98075623762593,22.047637621774,0.12460682125792,0.660664858908029,0.743618625293932,0.00851411246275075
"O4.1.1",0.545512508718103,26.0748619429678,-0.630054745384466,0.184970991975481,4.09157819166086,17.8888108305661,1.42972115703382,0.020602273029852,1.51447248677057,16.7927671290628,0.0762816642752744,0.626173841464671,0.642132562533054,0.00662241556130042
"O4.1.3",0.446892157159936,26.3197709617297,-0.775441745351828,0.16464821555413,2.71092423938314,17.6688475766465,1.43964282686062,0.0240920847344516,1.11534357517591,15.611738696445,0.0854325411977857,0.678448448112249,0.678774000860418,0.00462996499909204
"O4.3.1",0.332666666666667,16.0082357688064,-0.0422810469088758,0.243870017771937,5.00963911195087,11.9121737452413,0.914169289858464,0.0107126151801974,2.39749715127727,15.3590577781369,0.0589446328933123,0.646532625293543,0.682149690819547,0.011935938290477
"O4.3.3",0.55518308618106,23.0241144094515,-0.294245337117105,0.201169617931618,8.6714670580561,17.3308766017559,1.55995152644169,0.0520362361519212,1.32267064101674,17.8561003724423,0.0221684669748596,0.671709193802249,0.852021552017429,0.0102223638124618
"O4.5.1",0.337221107797241,23.6359330799869,-0.440933726185569,0.202921729626877,2.71337471528205,19.5706782821171,1.66736412447036,0.0641372289858593,1.13986786649491,18.0229582650581,0.00429370522274935,0.728148588229035,0.876149456405035,0.00767939272163758
"O4.5.3",0.448848841552621,21.6759762558914,-0.171218763592781,0.211544777021993,2.39951307867572,20.5176483979005,1.72265823035904,0.0325322248711839,1.23381985146752,19.7525985688932,0.0167609209336881,0.705456221174895,0.868295947878954,0.0072173677698854
"O4.6.2",0.561569726480381,22.478731270082,-0.489552444856639,0.186656367287826,5.48397128943556,17.4665256992284,1.42764644628719,0.0244483774568555,1.19178534981998,17.2053185205787,0.0962825771355925,0.746593495902652,0.749909707061942,0.00882772722870572
"O4.6.4",0.624646176075032,26.796295084584,-0.304141551517035,0.230487179075094,3.18547012955431,18.3843182476734,1.54077652229298,0.0240794383837787,1.56294179220175,19.6959145237737,0.0545567577110048,0.787714256252323,0.749250071962493,0.0105046796036888
"O4.9.1",0.150735002515398,26.6432787385416,-0.505984710939702,0.213510250151054,1.8426075204798,18.451957391582,1.63385303440015,0.0657510064383664,0.847961364313395,17.5124483801797,0.0126325331368099,0.733590643954701,0.865695636461611,0.00662718308098439
"O4.9.3",0.852410628241536,19.6197195627244,-0.188475777074092,0.195699634719982,4.58932960092626,18.6728651267383,1.73527296415283,0.133305838848264,1.06985175153324,17.7658341218738,0.0631125304154376,0.73916504119394,0.713677391616218,0.00632191132202334
"U1.4.1",1.69348618459683,13.9433915167708,0.223720950748526,0.272667021963308,1.93814959773864,22.3513128876694,1.90766804174693,0.112864221864191,0.625658102338473,20.1419203672672,0.00240344677048129,0.605445458187863,0.830570353961915,0.00638824215931137
"U1.4.3",1.9614598214603,19.7099235133904,0.320021470583702,0.28828555221485,3.23112115677321,21.725069808717,1.91956859862354,0.161188507370334,0.80933658566868,21.3681594386043,0.00323034588288526,0.649943766593598,0.767185076433851,0.00543684200732555
"U1.5.1",1.45419135802444,17.446107759606,0.376845512293695,0.279268673635412,4.61189665144597,22.4166610683794,1.91268886951987,0.121576629307472,0.591023484689997,22.5183724773882,0.0254429567975694,0.760060013715637,0.69684964094093,0.00812267593769495
"U1.5.3",1.8591073124406,13.6618393217074,0.419525432547043,0.225178257404324,2.90647518691354,16.4125824855648,1.47665045449549,0.0924703709920815,0.531143996250049,17.3352495649486,0.0488310736674297,0.717854228903766,0.604380949940476,0.00863552605746689
"U1.6.1",2.55979140131717,19.0271538176258,-0.532929776886303,0.178568190395805,11.2888898486066,17.4233888901207,1.50010753230735,0.0396365834203814,0.682007381283521,17.4673706692766,0.208760786500133,0.688518085361416,0.616563577431492,0.00485337848632929
"U1.6.3",1.09392580582229,21.6532156065774,-0.451593990185648,0.169506139143699,9.23951471493276,18.5129801564369,1.72264555242683,0.045046113118607,0.903849625052957,16.9081455220806,0.217900324596326,0.745396602044178,0.76044026055318,0.00734405469532683
"U1.8.2",2.34308329238879,21.6569833382846,-0.532728637288718,0.187940318947898,12.0071542615742,18.4480438069479,1.43443055766001,0.0638148248703247,0.728728756550404,18.4342438706076,0.40773224833321,0.721559779087674,0.632382404158172,0.00495696163665938
"U1.8.4",1.40675236205587,20.1045288767085,-0.119298950216901,0.229945092924752,3.72605605255801,21.3166193586904,1.90895770312345,0.105134345092454,0.844515033574213,20.0976457457249,0.224474391897422,0.647099833987437,0.678001188420746,0.00616721471989912
"U1.9.2",1.23602603101235,9.97915102145679,-0.58603497215613,0.126667678494176,7.60412331753924,14.1764127139699,1.11126296955593,0.021474824964347,0.465345518597973,12.1954100338331,0.2770468350293,0.710983604726051,0.652212163316407,0.00443549532647676
"U1.9.4",0.445892328432303,22.1111079095929,-0.766873684370066,0.159704903536064,7.20928825324698,18.0725601548474,1.6749372970982,0.0246862704566181,0.489361201058335,14.7134069299656,0.103888802556272,0.655463314644589,0.825970446718969,0.00653497114309002
"U2.3.1",0.975853118075214,16.9560235878443,-0.0238682850382084,0.202524874192507,10.5554658482056,18.4112297675901,1.86175726205049,0.0505437400493763,0.73096684222771,20.3902165112876,0.0984141972106928,0.754333695543669,0.664209089744442,0.00635590015257274
"U2.3.3",1.26512829965452,22.0929300001005,-0.515229047137838,0.175621113771465,8.36366476053607,18.5213999430236,1.55474868052671,0.04728658372407,1.04192265040668,17.5912016616729,0.322840396308165,0.647088675470276,0.558410222839501,0.00447334004687679
"U2.5.2",1.48376580330145,15.2181329204107,-0.0797613311742642,0.199722749753103,8.95084135904692,19.0849086603512,1.62975180193142,0.0371400948349467,0.621899997075675,20.5358775949124,0.0580932244055772,0.684551254812405,0.747522384736407,0.00782982220414467
"U2.5.4",1.42567023179043,14.6762113767366,0.111819969188274,0.22885531704665,10.2452987194453,20.4225914385583,2.01314478598374,0.0495146125130698,0.632851548474998,21.6769255849383,0.02631546468032,0.63063904148325,0.792619902737567,0.00642377331896971
"U2.6.1",0.765849424130903,12.5622870485692,-0.232357376323249,0.190444918120767,6.88236425173239,18.4782634009895,1.71779229793841,0.0500530155961489,0.455572233684709,15.8895073335231,0.0451222690284294,0.548391051943167,0.760989631892528,0.00425498209282973
"U2.6.3",0.167164813324912,14.8970584166788,-0.0538806874287654,0.244931658292225,5.36894900425924,22.7831578999963,1.98119454139172,0.0772886511519592,0.496999505855587,20.1156932350087,0.0690808346663123,0.632275103795042,0.746157883026841,0.00692486463303819
"U2.7.1",1.83539345458759,14.3102313307039,-0.176184344106785,0.256919610858803,5.28194445601033,19.433111026092,1.66016855144169,0.042909067118538,0.585891739679433,19.2683856868783,0.0525431367937992,0.567724978073929,0.753688285869902,0.00822374203084038
"U2.7.3",1.61125590286852,17.4650695359242,0.0619115233263822,0.298879032471746,3.93630107994492,20.5947285735788,2.08276156237793,0.0547411072369691,0.605141554178124,20.88145103624,0.0215876134210745,0.63459076540784,0.854686558403142,0.00689668429973195
"U2.8.2",0.875467130534964,9.96696735595784,-0.120258877417082,0.229918593896397,6.00135502953292,17.8792466358904,1.66188875954903,0.0430386989946722,0.295404980434031,19.3396289544135,0.0249190494730817,0.62046882931447,0.804086927257743,0.00790695141067696
"U2.8.4",1.23089313659705,10.2254608149391,0.0325271989952564,0.188080877851857,6.22299981624909,15.5864382572141,1.45546677403684,0.0587442268482328,0.320593285185709,19.1198599712415,0.0130057894490085,0.639099239522782,0.881283732990317,0.00808049070159246
